{
  "name": "moment",
  "main": "moment.js",
  "ignore": [
    "**/.*",
    "benchmarks",
    "bower_components",
    "meteor",
    "node_modules",
    "scripts",
    "tasks",
    "test",
    "component.json",
    "composer.json",
    "CONTRIBUTING.md",
    "ender.js",
    "Gruntfile.js",
    "Moment.js.nuspec",
    "package.js",
    "package.json"
  ],
  "homepage": "https://github.com/moment/moment",
  "version": "2.12.0",
  "_release": "2.12.0",
  "_resolution": {
    "type": "version",
    "tag": "2.12.0",
    "commit": "d3d7488b4d60632854181cb0a9af325d57fb3d51"
  },
  "_source": "git://github.com/moment/moment.git",
  "_target": "2.*",
  "_originalSource": "moment"
}