{
  "name": "angular-ui-router",
  "version": "0.2.18",
  "license": "MIT",
  "main": "./release/angular-ui-router.js",
  "dependencies": {
    "angular": "^1.0.8"
  },
  "ignore": [
    "**/.*",
    "node_modules",
    "bower_components",
    "component.json",
    "package.json",
    "lib",
    "config",
    "sample",
    "test",
    "tests",
    "ngdoc_assets",
    "Gruntfile.js",
    "files.js"
  ],
  "homepage": "https://github.com/angular-ui/ui-router",
  "_release": "0.2.18",
  "_resolution": {
    "type": "version",
    "tag": "0.2.18",
    "commit": "ec6ca36b625e578e59e631b3c9e786a6ac70678c"
  },
  "_source": "git://github.com/angular-ui/ui-router.git",
  "_target": "~0.2",
  "_originalSource": "angular-ui-router"
}